dt,AverageTemperature
1796-01-01,24.317
1796-02-01,23.923
1796-03-01,24.407
1796-04-01,27.171
1796-05-01,29.05
1796-06-01,28.539
1796-07-01,26.857
1796-08-01,26.887
1796-09-01,27.123
1796-10-01,27.562
1796-11-01,26.966
1796-12-01,23.972
1797-01-01,24.192095238095234
1797-02-01,24.039885714285717
1797-03-01,24.988
1797-04-01,26.528
1797-05-01,28.488
1797-06-01,29.328
1797-07-01,27.069
1797-08-01,27.246
1797-09-01,27.253
1797-10-01,27.232
1797-11-01,26.246
1797-12-01,25.502
1798-01-01,24.467
1798-02-01,24.321
1798-03-01,26.287
1798-04-01,27.41380193236715
1798-05-01,28.902565217391306
1798-06-01,28.843
1798-07-01,28.105
1798-08-01,27.394
1798-09-01,27.197
1798-10-01,27.535
1798-11-01,27.479
1798-12-01,25.185
1799-01-01,23.938
1799-02-01,22.776
1799-03-01,25.171
1799-04-01,27.868
1799-05-01,29.251
1799-06-01,29.241
1799-07-01,27.194
1799-08-01,27.122
1799-09-01,27.249
1799-10-01,28.157
1799-11-01,26.838
1799-12-01,25.355
1800-01-01,24.394
1800-02-01,24.477
1800-03-01,25.033
1800-04-01,28.385
1800-05-01,28.427
1800-06-01,28.65
1800-07-01,26.586
1800-08-01,26.526
1800-09-01,26.221
1800-10-01,27.877
1800-11-01,27.47
1800-12-01,25.849
1801-01-01,24.724
1801-02-01,23.601
1801-03-01,27.124
1801-04-01,27.41380193236715
1801-05-01,28.902565217391306
1801-06-01,28.076
1801-07-01,27.332
1801-08-01,26.643
1801-09-01,26.777
1801-10-01,27.569
1801-11-01,27.28
1801-12-01,26.609
1802-01-01,25.155
1802-02-01,24.487
1802-03-01,26.891
1802-04-01,27.781
1802-05-01,28.269
1802-06-01,29.809
1802-07-01,27.975
1802-08-01,27.028
1802-09-01,28.007
1802-10-01,28.127
1802-11-01,27.083
1802-12-01,25.195
1803-01-01,23.025
1803-02-01,23.08
1803-03-01,25.411
1803-04-01,28.14
1803-05-01,29.227
1803-06-01,29.06
1803-07-01,27.987
1803-08-01,28.228
1803-09-01,27.951
1803-10-01,27.903
1803-11-01,27.566
1803-12-01,25.413
1804-01-01,24.862
1804-02-01,23.976
1804-03-01,25.312
1804-04-01,29.017
1804-05-01,29.737
1804-06-01,29.411
1804-07-01,28.846
1804-08-01,27.226
1804-09-01,27.725
1804-10-01,27.761
1804-11-01,28.435
1804-12-01,25.061
1805-01-01,24.461
1805-02-01,23.797
1805-03-01,25.96
1805-04-01,26.92
1805-05-01,29.166
1805-06-01,29.391
1805-07-01,27.137
1805-08-01,27.589
1805-09-01,27.104
1805-10-01,26.465
1805-11-01,26.88
1805-12-01,26.477
1806-01-01,24.361
1806-02-01,23.696
1806-03-01,25.034
1806-04-01,27.26
1806-05-01,28.957
1806-06-01,27.426
1806-07-01,27.155
1806-08-01,27.3
1806-09-01,28.089
1806-10-01,27.395
1806-11-01,27.364
1806-12-01,26.031
1807-01-01,23.365
1807-02-01,23.375
1807-03-01,25.67347619047619
1807-04-01,27.41380193236715
1807-05-01,26.894
1807-06-01,29.009
1807-07-01,27.866
1807-08-01,26.897
1807-09-01,27.613
1807-10-01,27.121
1807-11-01,27.173
1807-12-01,26.686
1808-01-01,24.192095238095234
1808-02-01,24.039885714285717
1808-03-01,25.67347619047619
1808-04-01,27.41380193236715
1808-05-01,28.902565217391306
1808-06-01,28.271755980861247
1808-07-01,27.07872857142857
1808-08-01,26.619447619047623
1808-09-01,26.86177033492823
1808-10-01,27.693631578947365
1808-11-01,27.306114832535886
1808-12-01,25.574889423076925
1809-01-01,24.192095238095234
1809-02-01,24.039885714285717
1809-03-01,25.67347619047619
1809-04-01,27.41380193236715
1809-05-01,28.902565217391306
1809-06-01,28.271755980861247
1809-07-01,27.07872857142857
1809-08-01,26.619447619047623
1809-09-01,26.86177033492823
1809-10-01,27.693631578947365
1809-11-01,27.306114832535886
1809-12-01,25.574889423076925
1810-01-01,24.192095238095234
1810-02-01,24.039885714285717
1810-03-01,25.67347619047619
1810-04-01,27.41380193236715
1810-05-01,28.902565217391306
1810-06-01,28.271755980861247
1810-07-01,27.07872857142857
1810-08-01,26.619447619047623
1810-09-01,26.86177033492823
1810-10-01,27.693631578947365
1810-11-01,27.306114832535886
1810-12-01,25.574889423076925
1811-01-01,24.192095238095234
1811-02-01,24.039885714285717
1811-03-01,25.67347619047619
1811-04-01,27.41380193236715
1811-05-01,28.902565217391306
1811-06-01,28.271755980861247
1811-07-01,27.07872857142857
1811-08-01,26.619447619047623
1811-09-01,26.86177033492823
1811-10-01,27.693631578947365
1811-11-01,27.306114832535886
1811-12-01,25.574889423076925
1812-01-01,24.192095238095234
1812-02-01,24.039885714285717
1812-03-01,25.67347619047619
1812-04-01,27.41380193236715
1812-05-01,28.902565217391306
1812-06-01,28.271755980861247
1812-07-01,27.07872857142857
1812-08-01,26.619447619047623
1812-09-01,26.86177033492823
1812-10-01,27.693631578947365
1812-11-01,27.306114832535886
1812-12-01,25.574889423076925
1813-01-01,22.003
1813-02-01,23.342
1813-03-01,23.615
1813-04-01,27.842
1813-05-01,29.546
1813-06-01,27.665
1813-07-01,26.952
1813-08-01,25.711
1813-09-01,26.856
1813-10-01,26.775
1813-11-01,27.744
1813-12-01,24.185
1814-01-01,22.785
1814-02-01,23.301
1814-03-01,24.277
1814-04-01,26.493
1814-05-01,28.902565217391306
1814-06-01,28.363
1814-07-01,25.805
1814-08-01,25.789
1814-09-01,25.757
1814-10-01,26.119
1814-11-01,27.706
1814-12-01,26.784
1815-01-01,23.144
1815-02-01,23.891
1815-03-01,24.263
1815-04-01,27.431
1815-05-01,28.397
1815-06-01,25.891
1815-07-01,26.283
1815-08-01,26.012
1815-09-01,26.339
1815-10-01,25.608
1815-11-01,25.668
1815-12-01,23.794
1816-01-01,23.55
1816-02-01,21.01
1816-03-01,24.001
1816-04-01,26.163
1816-05-01,28.471
1816-06-01,27.349
1816-07-01,25.088
1816-08-01,25.195
1816-09-01,25.243
1816-10-01,24.881
1816-11-01,26.04
1816-12-01,24.26
1817-01-01,23.094
1817-02-01,23.845
1817-03-01,24.899
1817-04-01,26.781
1817-05-01,27.455
1817-06-01,26.575
1817-07-01,25.729
1817-08-01,26.248
1817-09-01,24.385
1817-10-01,25.272
1817-11-01,26.026
1817-12-01,23.876
1818-01-01,23.447
1818-02-01,22.755
1818-03-01,25.419
1818-04-01,28.035
1818-05-01,29.263
1818-06-01,28.62
1818-07-01,25.402
1818-08-01,24.999
1818-09-01,25.606
1818-10-01,25.516
1818-11-01,26.404
1818-12-01,24.73
1819-01-01,21.977
1819-02-01,22.49
1819-03-01,23.7
1819-04-01,26.14
1819-05-01,27.809
1819-06-01,27.827
1819-07-01,26.03
1819-08-01,25.808
1819-09-01,25.928
1819-10-01,27.071
1819-11-01,26.985
1819-12-01,24.625
1820-01-01,22.249
1820-02-01,22.773
1820-03-01,24.601
1820-04-01,27.778
1820-05-01,28.03
1820-06-01,27.681
1820-07-01,26.069
1820-08-01,25.177
1820-09-01,26.111
1820-10-01,26.426
1820-11-01,26.456
1820-12-01,24.519
1821-01-01,24.767
1821-02-01,24.588
1821-03-01,26.001
1821-04-01,26.102
1821-05-01,28.62
1821-06-01,27.652
1821-07-01,26.136
1821-08-01,26.195
1821-09-01,25.422
1821-10-01,26.717
1821-11-01,27.224
1821-12-01,25.292
1822-01-01,24.45
1822-02-01,25.188
1822-03-01,27.393
1822-04-01,27.102
1822-05-01,28.405
1822-06-01,27.762
1822-07-01,26.726
1822-08-01,25.494
1822-09-01,25.638
1822-10-01,26.085
1822-11-01,26.201
1822-12-01,24.382
1823-01-01,24.089
1823-02-01,23.792
1823-03-01,25.457
1823-04-01,27.294
1823-05-01,28.441
1823-06-01,28.883
1823-07-01,27.093
1823-08-01,25.788
1823-09-01,25.125
1823-10-01,26.667
1823-11-01,26.363
1823-12-01,25.675
1824-01-01,24.674
1824-02-01,24.117
1824-03-01,25.795
1824-04-01,27.484
1824-05-01,28.573
1824-06-01,28.777
1824-07-01,28.243
1824-08-01,26.421
1824-09-01,27.031
1824-10-01,26.27
1824-11-01,27.342
1824-12-01,27.045
1825-01-01,24.677
1825-02-01,24.316
1825-03-01,25.633
1825-04-01,27.835
1825-05-01,28.57
1825-06-01,28.559
1825-07-01,26.994
1825-08-01,25.729
1825-09-01,26.073
1825-10-01,26.777
1825-11-01,27.821
1825-12-01,25.422
1826-01-01,24.431
1826-02-01,23.194
1826-03-01,25.828
1826-04-01,27.794
1826-05-01,29.495
1826-06-01,27.693
1826-07-01,27.27
1826-08-01,25.575
1826-09-01,26.16
1826-10-01,27.247
1826-11-01,27.845
1826-12-01,26.911
1827-01-01,25.095
1827-02-01,24.45
1827-03-01,26.132
1827-04-01,28.053
1827-05-01,28.458
1827-06-01,28.339
1827-07-01,27.382
1827-08-01,26.127
1827-09-01,25.847
1827-10-01,26.823
1827-11-01,27.807
1827-12-01,25.421
1828-01-01,23.608
1828-02-01,23.6
1828-03-01,25.657
1828-04-01,27.116
1828-05-01,28.531
1828-06-01,29.081
1828-07-01,27.257
1828-08-01,26.13
1828-09-01,25.086
1828-10-01,26.956
1828-11-01,27.69
1828-12-01,25.827
1829-01-01,24.141
1829-02-01,22.953
1829-03-01,25.365
1829-04-01,26.972
1829-05-01,28.774
1829-06-01,28.213
1829-07-01,26.782
1829-08-01,25.99
1829-09-01,25.815
1829-10-01,27.356
1829-11-01,26.722
1829-12-01,25.348
1830-01-01,24.314
1830-02-01,24.374
1830-03-01,25.148
1830-04-01,27.374
1830-05-01,26.787
1830-06-01,28.047
1830-07-01,27.411
1830-08-01,25.838
1830-09-01,25.764
1830-10-01,26.828
1830-11-01,28.259
1830-12-01,26.399
1831-01-01,23.862
1831-02-01,23.982
1831-03-01,25.704
1831-04-01,26.638
1831-05-01,29.042
1831-06-01,28.664
1831-07-01,26.354
1831-08-01,25.367
1831-09-01,25.29
1831-10-01,26.383
1831-11-01,26.153
1831-12-01,24.956
1832-01-01,23.334
1832-02-01,22.923
1832-03-01,25.645
1832-04-01,27.606
1832-05-01,29.149
1832-06-01,28.271755980861247
1832-07-01,27.295
1832-08-01,25.986
1832-09-01,25.389
1832-10-01,26.523
1832-11-01,26.301
1832-12-01,25.574889423076925
1833-01-01,24.198
1833-02-01,24.1
1833-03-01,24.923
1833-04-01,26.968
1833-05-01,28.256
1833-06-01,28.314
1833-07-01,27.093
1833-08-01,25.615
1833-09-01,25.842
1833-10-01,26.43
1833-11-01,27.56
1833-12-01,25.978
1834-01-01,22.826
1834-02-01,23.858
1834-03-01,25.788
1834-04-01,26.721
1834-05-01,29.348
1834-06-01,27.956
1834-07-01,26.528
1834-08-01,25.976
1834-09-01,26.51
1834-10-01,27.042
1834-11-01,27.531
1834-12-01,26.101
1835-01-01,24.436
1835-02-01,23.787
1835-03-01,24.676
1835-04-01,26.199
1835-05-01,27.588
1835-06-01,27.07
1835-07-01,25.959
1835-08-01,25.152
1835-09-01,25.389
1835-10-01,26.295
1835-11-01,25.845
1835-12-01,24.168
1836-01-01,23.689
1836-02-01,23.442
1836-03-01,24.977
1836-04-01,26.329
1836-05-01,28.298
1836-06-01,28.032
1836-07-01,26.535
1836-08-01,25.161
1836-09-01,26.104
1836-10-01,27.342
1836-11-01,25.967
1836-12-01,25.326
1837-01-01,24.284
1837-02-01,24.221
1837-03-01,24.693
1837-04-01,25.796
1837-05-01,27.234
1837-06-01,27.425
1837-07-01,26.54
1837-08-01,25.907
1837-09-01,26.264
1837-10-01,26.465
1837-11-01,26.334
1837-12-01,25.308
1838-01-01,22.126
1838-02-01,22.963
1838-03-01,24.572
1838-04-01,26.75
1838-05-01,27.801
1838-06-01,27.888
1838-07-01,27.513
1838-08-01,26.266
1838-09-01,26.531
1838-10-01,27.038
1838-11-01,26.511
1838-12-01,25.313
1839-01-01,24.444
1839-02-01,24.288
1839-03-01,24.125
1839-04-01,26.911
1839-05-01,27.908
1839-06-01,27.705
1839-07-01,26.887
1839-08-01,26.014
1839-09-01,25.921
1839-10-01,27.191
1839-11-01,25.841
1839-12-01,24.78
1840-01-01,24.378
1840-02-01,23.533
1840-03-01,24.608
1840-04-01,27.038
1840-05-01,28.482
1840-06-01,28.269
1840-07-01,27.157
1840-08-01,26.009
1840-09-01,25.845
1840-10-01,26.618
1840-11-01,25.907
1840-12-01,25.063
1841-01-01,23.594
1841-02-01,23.784
1841-03-01,24.198
1841-04-01,25.975
1841-05-01,27.71
1841-06-01,27.661
1841-07-01,27.408
1841-08-01,25.83
1841-09-01,26.099
1841-10-01,26.375
1841-11-01,26.463
1841-12-01,25.089
1842-01-01,23.795
1842-02-01,23.781
1842-03-01,25.742
1842-04-01,27.142
1842-05-01,27.936
1842-06-01,27.632
1842-07-01,26.793
1842-08-01,25.821
1842-09-01,25.979
1842-10-01,27.021
1842-11-01,26.869
1842-12-01,25.912
1843-01-01,24.104
1843-02-01,24.304
1843-03-01,24.654
1843-04-01,26.552
1843-05-01,27.596
1843-06-01,27.71
1843-07-01,26.491
1843-08-01,25.992
1843-09-01,26.078
1843-10-01,26.716
1843-11-01,26.389
1843-12-01,24.745
1844-01-01,23.549
1844-02-01,22.053
1844-03-01,24.653
1844-04-01,26.602
1844-05-01,27.729
1844-06-01,27.909
1844-07-01,26.431
1844-08-01,26.214
1844-09-01,25.836
1844-10-01,27.237
1844-11-01,26.618
1844-12-01,25.731
1845-01-01,24.308
1845-02-01,23.325
1845-03-01,25.345
1845-04-01,26.993
1845-05-01,28.112
1845-06-01,27.55
1845-07-01,27.124
1845-08-01,26.387
1845-09-01,26.425
1845-10-01,26.703
1845-11-01,26.745
1845-12-01,24.796
1846-01-01,25.47
1846-02-01,24.423
1846-03-01,26.7
1846-04-01,26.66
1846-05-01,28.379
1846-06-01,28.415
1846-07-01,27.708
1846-08-01,26.713
1846-09-01,26.496
1846-10-01,26.612
1846-11-01,26.986
1846-12-01,25.93
1847-01-01,24.564
1847-02-01,24.256
1847-03-01,24.491
1847-04-01,27.089
1847-05-01,27.871
1847-06-01,27.694
1847-07-01,27.047
1847-08-01,26.166
1847-09-01,26.519
1847-10-01,26.988
1847-11-01,27.04
1847-12-01,24.036
1848-01-01,24.068
1848-02-01,23.82
1848-03-01,24.934
1848-04-01,26.951
1848-05-01,28.043
1848-06-01,27.025
1848-07-01,26.932
1848-08-01,26.318
1848-09-01,26.693
1848-10-01,27.042
1848-11-01,26.744
1848-12-01,25.332
1849-01-01,23.387
1849-02-01,23.913
1849-03-01,25.326
1849-04-01,26.364
1849-05-01,28.286
1849-06-01,26.955
1849-07-01,26.467
1849-08-01,26.314
1849-09-01,25.798
1849-10-01,27.199
1849-11-01,27.801
1849-12-01,25.023
1850-01-01,22.78
1850-02-01,23.713
1850-03-01,25.301
1850-04-01,26.426
1850-05-01,27.85
1850-06-01,28.062
1850-07-01,27.173
1850-08-01,26.768
1850-09-01,26.72
1850-10-01,27.884
1850-11-01,26.778
1850-12-01,24.934
1851-01-01,22.979
1851-02-01,23.823
1851-03-01,25.376
1851-04-01,26.931
1851-05-01,28.295
1851-06-01,27.571
1851-07-01,26.521
1851-08-01,26.309
1851-09-01,26.645
1851-10-01,27.482
1851-11-01,26.803
1851-12-01,24.779
1852-01-01,24.12
1852-02-01,23.855
1852-03-01,24.677
1852-04-01,26.708
1852-05-01,28.264
1852-06-01,27.967
1852-07-01,26.908
1852-08-01,25.991
1852-09-01,26.552
1852-10-01,27.082
1852-11-01,26.518
1852-12-01,25.634
1853-01-01,23.885
1853-02-01,23.168
1853-03-01,25.143
1853-04-01,26.768
1853-05-01,28.588
1853-06-01,28.628
1853-07-01,27.46
1853-08-01,26.545
1853-09-01,26.951
1853-10-01,27.336
1853-11-01,26.619
1853-12-01,25.293
1854-01-01,23.45
1854-02-01,23.363
1854-03-01,25.416
1854-04-01,27.289
1854-05-01,28.703
1854-06-01,28.313
1854-07-01,27.379
1854-08-01,26.59
1854-09-01,26.604
1854-10-01,27.839
1854-11-01,27.372
1854-12-01,25.679
1855-01-01,24.451
1855-02-01,24.144
1855-03-01,25.363
1855-04-01,27.772
1855-05-01,29.181
1855-06-01,28.261
1855-07-01,27.287
1855-08-01,26.621
1855-09-01,26.646
1855-10-01,26.986
1855-11-01,26.802
1855-12-01,24.656
1856-01-01,24.239
1856-02-01,23.803
1856-03-01,25.133
1856-04-01,26.886
1856-05-01,28.119
1856-06-01,28.094
1856-07-01,26.587
1856-08-01,25.229
1856-09-01,26.075
1856-10-01,26.563
1856-11-01,26.6
1856-12-01,25.097
1857-01-01,23.313
1857-02-01,22.976
1857-03-01,24.692
1857-04-01,26.205
1857-05-01,27.727
1857-06-01,27.081
1857-07-01,26.384
1857-08-01,25.995
1857-09-01,26.25
1857-10-01,26.316
1857-11-01,26.432
1857-12-01,25.039
1858-01-01,24.245
1858-02-01,23.649
1858-03-01,25.36
1858-04-01,27.726
1858-05-01,28.432
1858-06-01,27.873
1858-07-01,26.513
1858-08-01,26.116
1858-09-01,26.388
1858-10-01,27.271
1858-11-01,27.471
1858-12-01,24.837
1859-01-01,23.981
1859-02-01,23.862
1859-03-01,25.64
1859-04-01,27.715
1859-05-01,28.951
1859-06-01,28.188
1859-07-01,26.61
1859-08-01,25.944
1859-09-01,26.231
1859-10-01,27.31
1859-11-01,27.04
1859-12-01,25.269
1860-01-01,23.596
1860-02-01,23.498
1860-03-01,24.249
1860-04-01,27.187
1860-05-01,28.601
1860-06-01,28.305
1860-07-01,27.062
1860-08-01,26.562
1860-09-01,27.051
1860-10-01,27.303
1860-11-01,26.667
1860-12-01,23.946
1861-01-01,22.551
1861-02-01,23.159
1861-03-01,25.083
1861-04-01,26.978
1861-05-01,28.292
1861-06-01,27.979
1861-07-01,26.73
1861-08-01,26.227
1861-09-01,26.492
1861-10-01,27.026
1861-11-01,27.058
1861-12-01,24.968
1862-01-01,22.767
1862-02-01,22.573
1862-03-01,24.801
1862-04-01,27.41380193236715
1862-05-01,28.902565217391306
1862-06-01,28.271755980861247
1862-07-01,27.07872857142857
1862-08-01,26.619447619047623
1862-09-01,26.86177033492823
1862-10-01,27.693631578947365
1862-11-01,27.306114832535886
1862-12-01,25.574889423076925
1863-01-01,24.192095238095234
1863-02-01,24.039885714285717
1863-03-01,25.67347619047619
1863-04-01,27.41380193236715
1863-05-01,28.902565217391306
1863-06-01,28.271755980861247
1863-07-01,27.07872857142857
1863-08-01,26.619447619047623
1863-09-01,26.86177033492823
1863-10-01,27.693631578947365
1863-11-01,27.306114832535886
1863-12-01,25.574889423076925
1864-01-01,24.192095238095234
1864-02-01,24.039885714285717
1864-03-01,25.67347619047619
1864-04-01,27.41380193236715
1864-05-01,28.902565217391306
1864-06-01,28.271755980861247
1864-07-01,27.07872857142857
1864-08-01,26.619447619047623
1864-09-01,26.86177033492823
1864-10-01,27.693631578947365
1864-11-01,27.306114832535886
1864-12-01,25.574889423076925
1865-01-01,24.824
1865-02-01,23.922
1865-03-01,24.72
1865-04-01,26.955
1865-05-01,28.432
1865-06-01,28.716
1865-07-01,27.123
1865-08-01,26.569
1865-09-01,27.322
1865-10-01,27.609
1865-11-01,27.64
1865-12-01,25.297
1866-01-01,24.494
1866-02-01,23.556
1866-03-01,25.235
1866-04-01,27.519
1866-05-01,29.065
1866-06-01,28.191
1866-07-01,27.261
1866-08-01,26.302
1866-09-01,26.944
1866-10-01,27.208
1866-11-01,27.212
1866-12-01,26.278
1867-01-01,24.438
1867-02-01,23.764
1867-03-01,25.298
1867-04-01,27.475
1867-05-01,28.376
1867-06-01,28.442
1867-07-01,27.018
1867-08-01,26.434
1867-09-01,26.941
1867-10-01,27.669
1867-11-01,27.987
1867-12-01,26.227
1868-01-01,23.965
1868-02-01,23.576
1868-03-01,25.397
1868-04-01,27.588
1868-05-01,29.2
1868-06-01,28.282
1868-07-01,27.064
1868-08-01,26.709
1868-09-01,27.014
1868-10-01,28.031
1868-11-01,26.982
1868-12-01,25.578
1869-01-01,24.045
1869-02-01,24.809
1869-03-01,25.475
1869-04-01,27.829
1869-05-01,28.785
1869-06-01,28.492
1869-07-01,27.229
1869-08-01,26.496
1869-09-01,27.234
1869-10-01,27.511
1869-11-01,27.116
1869-12-01,25.046
1870-01-01,24.0
1870-02-01,23.282
1870-03-01,25.29
1870-04-01,27.394
1870-05-01,29.051
1870-06-01,28.282
1870-07-01,26.686
1870-08-01,25.787
1870-09-01,26.654
1870-10-01,27.191
1870-11-01,26.934
1870-12-01,24.744
1871-01-01,23.371
1871-02-01,23.188
1871-03-01,25.472
1871-04-01,27.543
1871-05-01,28.189
1871-06-01,28.028
1871-07-01,26.687
1871-08-01,26.47
1871-09-01,26.801
1871-10-01,27.605
1871-11-01,26.667
1871-12-01,25.206
1872-01-01,23.651
1872-02-01,23.53
1872-03-01,25.703
1872-04-01,27.296
1872-05-01,28.647
1872-06-01,27.918
1872-07-01,26.724
1872-08-01,26.085
1872-09-01,26.761
1872-10-01,27.595
1872-11-01,26.715
1872-12-01,24.955
1873-01-01,23.675
1873-02-01,24.039
1873-03-01,25.322
1873-04-01,27.179
1873-05-01,28.685
1873-06-01,28.003
1873-07-01,26.661
1873-08-01,26.361
1873-09-01,26.609
1873-10-01,27.758
1873-11-01,26.832
1873-12-01,25.623
1874-01-01,23.906
1874-02-01,23.962
1874-03-01,24.88
1874-04-01,27.614
1874-05-01,28.561
1874-06-01,27.85
1874-07-01,26.673
1874-08-01,26.437
1874-09-01,26.577
1874-10-01,27.965
1874-11-01,27.48
1874-12-01,25.326
1875-01-01,23.827
1875-02-01,23.691
1875-03-01,27.163
1875-04-01,27.806
1875-05-01,29.324
1875-06-01,28.038
1875-07-01,26.312
1875-08-01,26.332
1875-09-01,26.413
1875-10-01,26.372
1875-11-01,26.721
1875-12-01,25.591
1876-01-01,25.208
1876-02-01,24.638
1876-03-01,26.468
1876-04-01,28.298
1876-05-01,28.916
1876-06-01,28.071
1876-07-01,26.393
1876-08-01,25.972
1876-09-01,26.044
1876-10-01,28.146
1876-11-01,27.624
1876-12-01,26.29
1877-01-01,24.592
1877-02-01,24.126
1877-03-01,25.832
1877-04-01,26.925
1877-05-01,28.51
1877-06-01,28.294
1877-07-01,28.062
1877-08-01,27.68
1877-09-01,27.641
1877-10-01,27.346
1877-11-01,28.52
1877-12-01,27.341
1878-01-01,24.018
1878-02-01,25.441
1878-03-01,26.682
1878-04-01,27.4
1878-05-01,28.907
1878-06-01,28.837
1878-07-01,27.104
1878-08-01,26.632
1878-09-01,27.168
1878-10-01,28.226
1878-11-01,27.313
1878-12-01,24.875
1879-01-01,24.437
1879-02-01,23.949
1879-03-01,25.247
1879-04-01,27.478
1879-05-01,28.302
1879-06-01,26.801
1879-07-01,27.207
1879-08-01,25.696
1879-09-01,26.2
1879-10-01,27.13
1879-11-01,25.587
1879-12-01,23.957
1880-01-01,23.816
1880-02-01,23.352
1880-03-01,27.034
1880-04-01,27.867
1880-05-01,28.624
1880-06-01,27.538
1880-07-01,26.326
1880-08-01,26.555
1880-09-01,26.149
1880-10-01,27.768
1880-11-01,27.281
1880-12-01,25.757
1881-01-01,24.511
1881-02-01,24.744
1881-03-01,25.499
1881-04-01,27.303
1881-05-01,29.224
1881-06-01,28.003
1881-07-01,26.749
1881-08-01,26.456
1881-09-01,26.621
1881-10-01,27.531
1881-11-01,26.512
1881-12-01,25.46
1882-01-01,25.067
1882-02-01,23.925
1882-03-01,26.184
1882-04-01,27.207
1882-05-01,28.228
1882-06-01,26.776
1882-07-01,25.806
1882-08-01,26.439
1882-09-01,26.512
1882-10-01,27.155
1882-11-01,26.203
1882-12-01,25.334
1883-01-01,24.156
1883-02-01,23.875
1883-03-01,25.004
1883-04-01,27.157
1883-05-01,28.617
1883-06-01,27.208
1883-07-01,26.372
1883-08-01,26.461
1883-09-01,25.854
1883-10-01,26.999
1883-11-01,25.788
1883-12-01,23.267
1884-01-01,22.562
1884-02-01,23.271
1884-03-01,25.598
1884-04-01,26.645
1884-05-01,28.524
1884-06-01,28.245
1884-07-01,26.699
1884-08-01,26.645
1884-09-01,26.022
1884-10-01,26.873
1884-11-01,25.89
1884-12-01,24.521
1885-01-01,23.958
1885-02-01,22.436
1885-03-01,25.244
1885-04-01,26.329
1885-05-01,28.114
1885-06-01,28.499
1885-07-01,27.055
1885-08-01,26.664
1885-09-01,27.002
1885-10-01,27.683
1885-11-01,27.124
1885-12-01,24.969
1886-01-01,23.405
1886-02-01,23.654
1886-03-01,25.581
1886-04-01,27.217
1886-05-01,29.047
1886-06-01,27.747
1886-07-01,26.596
1886-08-01,26.504
1886-09-01,27.007
1886-10-01,27.667
1886-11-01,27.21
1886-12-01,24.889
1887-01-01,23.343
1887-02-01,23.473
1887-03-01,25.297
1887-04-01,27.221
1887-05-01,28.145
1887-06-01,26.801
1887-07-01,25.925
1887-08-01,25.859
1887-09-01,26.162
1887-10-01,27.383
1887-11-01,27.002
1887-12-01,24.948
1888-01-01,23.416
1888-02-01,24.064
1888-03-01,26.362
1888-04-01,27.666
1888-05-01,28.347
1888-06-01,28.137
1888-07-01,26.753
1888-08-01,26.305
1888-09-01,27.274
1888-10-01,28.182
1888-11-01,27.634
1888-12-01,25.489
1889-01-01,24.783
1889-02-01,24.412
1889-03-01,26.116
1889-04-01,27.813
1889-05-01,29.586
1889-06-01,28.019
1889-07-01,27.157
1889-08-01,26.831
1889-09-01,27.64
1889-10-01,26.811
1889-11-01,25.544
1889-12-01,24.813
1890-01-01,24.225
1890-02-01,25.017
1890-03-01,25.878
1890-04-01,27.679
1890-05-01,28.7
1890-06-01,27.16
1890-07-01,26.261
1890-08-01,25.721
1890-09-01,26.328
1890-10-01,27.208
1890-11-01,27.132
1890-12-01,25.6
1891-01-01,23.88
1891-02-01,23.702
1891-03-01,24.995
1891-04-01,27.133
1891-05-01,28.887
1891-06-01,29.29
1891-07-01,27.005
1891-08-01,26.66
1891-09-01,26.971
1891-10-01,27.775
1891-11-01,27.093
1891-12-01,25.607
1892-01-01,24.875
1892-02-01,25.011
1892-03-01,26.264
1892-04-01,29.014
1892-05-01,29.069
1892-06-01,27.745
1892-07-01,27.137
1892-08-01,26.196
1892-09-01,26.206
1892-10-01,27.68
1892-11-01,25.82
1892-12-01,24.894
1893-01-01,23.247
1893-02-01,22.389
1893-03-01,24.622
1893-04-01,27.57
1893-05-01,28.229
1893-06-01,26.997
1893-07-01,26.687
1893-08-01,26.367
1893-09-01,26.437
1893-10-01,27.055
1893-11-01,27.417
1893-12-01,25.23
1894-01-01,24.407
1894-02-01,24.798
1894-03-01,26.019
1894-04-01,27.509
1894-05-01,28.844
1894-06-01,27.981
1894-07-01,26.51
1894-08-01,26.723
1894-09-01,26.451
1894-10-01,27.246
1894-11-01,26.344
1894-12-01,25.304
1895-01-01,23.787
1895-02-01,23.911
1895-03-01,25.939
1895-04-01,27.329
1895-05-01,28.955
1895-06-01,28.234
1895-07-01,26.997
1895-08-01,26.436
1895-09-01,26.506
1895-10-01,27.609
1895-11-01,27.635
1895-12-01,25.166
1896-01-01,24.532
1896-02-01,24.108
1896-03-01,26.291
1896-04-01,28.633
1896-05-01,29.48
1896-06-01,28.038
1896-07-01,27.013
1896-08-01,25.974
1896-09-01,27.382
1896-10-01,29.175
1896-11-01,28.336
1896-12-01,26.609
1897-01-01,24.356
1897-02-01,24.244
1897-03-01,25.068
1897-04-01,27.777
1897-05-01,29.18
1897-06-01,28.972
1897-07-01,27.46
1897-08-01,27.103
1897-09-01,27.277
1897-10-01,27.612
1897-11-01,26.387
1897-12-01,24.683
1898-01-01,24.264
1898-02-01,23.592
1898-03-01,26.065
1898-04-01,28.146
1898-05-01,29.26
1898-06-01,28.122
1898-07-01,26.754
1898-08-01,26.488
1898-09-01,26.564
1898-10-01,28.551
1898-11-01,27.854
1898-12-01,26.345
1899-01-01,22.759
1899-02-01,24.067
1899-03-01,26.279
1899-04-01,26.984
1899-05-01,28.677
1899-06-01,27.761
1899-07-01,27.397
1899-08-01,27.455
1899-09-01,27.348
1899-10-01,28.757
1899-11-01,27.509
1899-12-01,26.066
1900-01-01,24.31
1900-02-01,24.235
1900-03-01,25.973
1900-04-01,27.596
1900-05-01,29.045
1900-06-01,29.203
1900-07-01,27.852
1900-08-01,26.667
1900-09-01,26.943
1900-10-01,27.724
1900-11-01,27.859
1900-12-01,26.606
1901-01-01,23.87
1901-02-01,22.899
1901-03-01,26.263
1901-04-01,27.854
1901-05-01,29.054
1901-06-01,28.354
1901-07-01,27.166
1901-08-01,26.522
1901-09-01,27.262
1901-10-01,27.998
1901-11-01,27.825
1901-12-01,26.09
1902-01-01,25.241
1902-02-01,24.783
1902-03-01,26.99
1902-04-01,28.175
1902-05-01,29.727
1902-06-01,28.733
1902-07-01,27.721
1902-08-01,27.457
1902-09-01,26.94
1902-10-01,28.782
1902-11-01,27.42
1902-12-01,25.605
1903-01-01,23.996
1903-02-01,23.318
1903-03-01,24.657
1903-04-01,27.09
1903-05-01,28.618
1903-06-01,28.623
1903-07-01,27.087
1903-08-01,26.806
1903-09-01,27.081
1903-10-01,27.459
1903-11-01,26.56
1903-12-01,24.802
1904-01-01,24.566
1904-02-01,24.483
1904-03-01,25.488
1904-04-01,27.515
1904-05-01,29.111
1904-06-01,28.024
1904-07-01,27.015
1904-08-01,26.965
1904-09-01,26.98
1904-10-01,28.216
1904-11-01,26.546
1904-12-01,25.31
1905-01-01,23.253
1905-02-01,21.858
1905-03-01,24.144
1905-04-01,25.626
1905-05-01,29.306
1905-06-01,29.137
1905-07-01,27.437
1905-08-01,26.966
1905-09-01,27.285
1905-10-01,28.509
1905-11-01,27.836
1905-12-01,24.993
1906-01-01,23.477
1906-02-01,22.771
1906-03-01,24.631
1906-04-01,27.104
1906-05-01,29.282
1906-06-01,27.917
1906-07-01,26.953
1906-08-01,26.798
1906-09-01,26.649
1906-10-01,27.766
1906-11-01,27.84
1906-12-01,25.861
1907-01-01,24.74
1907-02-01,24.111
1907-03-01,25.47
1907-04-01,26.818
1907-05-01,28.441
1907-06-01,28.249
1907-07-01,27.195
1907-08-01,25.9
1907-09-01,26.85
1907-10-01,28.194
1907-11-01,28.083
1907-12-01,25.007
1908-01-01,24.038
1908-02-01,23.693
1908-03-01,24.855
1908-04-01,27.689
1908-05-01,28.696
1908-06-01,28.692
1908-07-01,26.405
1908-08-01,25.987
1908-09-01,26.986
1908-10-01,27.963
1908-11-01,26.294
1908-12-01,24.058
1909-01-01,23.69
1909-02-01,23.718
1909-03-01,26.233
1909-04-01,26.824
1909-05-01,29.176
1909-06-01,27.895
1909-07-01,26.269
1909-08-01,26.575
1909-09-01,26.263
1909-10-01,27.341
1909-11-01,26.8
1909-12-01,25.231
1910-01-01,23.88
1910-02-01,24.155
1910-03-01,25.749
1910-04-01,27.359
1910-05-01,28.669
1910-06-01,27.787
1910-07-01,27.13
1910-08-01,26.372
1910-09-01,26.332
1910-10-01,27.069
1910-11-01,25.701
1910-12-01,24.439
1911-01-01,24.462
1911-02-01,23.598
1911-03-01,24.894
1911-04-01,26.739
1911-05-01,29.136
1911-06-01,27.872
1911-07-01,27.35
1911-08-01,26.314
1911-09-01,27.017
1911-10-01,28.521
1911-11-01,28.071
1911-12-01,26.735
1912-01-01,24.811
1912-02-01,24.682
1912-03-01,25.594
1912-04-01,28.158
1912-05-01,29.442
1912-06-01,29.154
1912-07-01,27.327
1912-08-01,26.706
1912-09-01,27.4
1912-10-01,28.129
1912-11-01,26.912
1912-12-01,25.169
1913-01-01,23.796
1913-02-01,24.429
1913-03-01,24.63
1913-04-01,27.599
1913-05-01,29.096
1913-06-01,27.666
1913-07-01,26.823
1913-08-01,26.727
1913-09-01,27.021
1913-10-01,28.118
1913-11-01,27.093
1913-12-01,25.443
1914-01-01,24.463
1914-02-01,23.996
1914-03-01,24.6
1914-04-01,26.675
1914-05-01,29.511
1914-06-01,28.477
1914-07-01,26.867
1914-08-01,26.524
1914-09-01,27.09
1914-10-01,28.48
1914-11-01,28.253
1914-12-01,25.606
1915-01-01,24.266
1915-02-01,23.513
1915-03-01,25.412
1915-04-01,27.498
1915-05-01,29.38
1915-06-01,29.127
1915-07-01,27.725
1915-08-01,26.946
1915-09-01,27.002
1915-10-01,27.722
1915-11-01,28.063
1915-12-01,24.826
1916-01-01,24.539
1916-02-01,23.23
1916-03-01,26.499
1916-04-01,27.522
1916-05-01,29.031
1916-06-01,27.622
1916-07-01,27.506
1916-08-01,26.741
1916-09-01,26.991
1916-10-01,27.66
1916-11-01,27.143
1916-12-01,24.759
1917-01-01,24.3
1917-02-01,24.079
1917-03-01,25.153
1917-04-01,26.672
1917-05-01,27.705
1917-06-01,27.44
1917-07-01,27.322
1917-08-01,26.657
1917-09-01,26.577
1917-10-01,26.895
1917-11-01,25.987
1917-12-01,24.511
1918-01-01,23.696
1918-02-01,24.054
1918-03-01,25.808
1918-04-01,26.403
1918-05-01,28.08
1918-06-01,27.822
1918-07-01,28.055
1918-08-01,27.186
1918-09-01,27.209
1918-10-01,28.527
1918-11-01,28.484
1918-12-01,25.645
1919-01-01,24.547
1919-02-01,24.07
1919-03-01,25.399
1919-04-01,27.022
1919-05-01,29.104
1919-06-01,27.988
1919-07-01,27.125
1919-08-01,26.612
1919-09-01,27.213
1919-10-01,28.003
1919-11-01,28.058
1919-12-01,25.182
1920-01-01,25.36
1920-02-01,24.056
1920-03-01,26.045
1920-04-01,27.253
1920-05-01,28.723
1920-06-01,28.182
1920-07-01,26.873
1920-08-01,26.758
1920-09-01,27.483
1920-10-01,28.633
1920-11-01,28.006
1920-12-01,25.336
1921-01-01,24.529
1921-02-01,23.956
1921-03-01,26.418
1921-04-01,28.082
1921-05-01,29.27
1921-06-01,28.418
1921-07-01,27.12
1921-08-01,26.469
1921-09-01,26.579
1921-10-01,28.05
1921-11-01,26.79
1921-12-01,25.644
1922-01-01,24.384
1922-02-01,24.632
1922-03-01,25.801
1922-04-01,27.837
1922-05-01,29.012
1922-06-01,28.01
1922-07-01,26.546
1922-08-01,26.309
1922-09-01,26.579
1922-10-01,27.999
1922-11-01,27.354
1922-12-01,24.611
1923-01-01,24.454
1923-02-01,23.175
1923-03-01,25.998
1923-04-01,27.123
1923-05-01,28.416
1923-06-01,29.155
1923-07-01,26.569
1923-08-01,26.594
1923-09-01,26.818
1923-10-01,27.785
1923-11-01,26.63
1923-12-01,25.971
1924-01-01,24.417
1924-02-01,24.165
1924-03-01,27.017
1924-04-01,28.133
1924-05-01,29.467
1924-06-01,28.778
1924-07-01,27.521
1924-08-01,27.114
1924-09-01,26.891
1924-10-01,26.848
1924-11-01,26.326
1924-12-01,25.486
1925-01-01,22.915
1925-02-01,22.731
1925-03-01,26.198
1925-04-01,28.408
1925-05-01,29.006
1925-06-01,27.493
1925-07-01,27.002
1925-08-01,26.794
1925-09-01,27.291
1925-10-01,28.82
1925-11-01,28.481
1925-12-01,25.958
1926-01-01,24.93
1926-02-01,25.286
1926-03-01,25.843
1926-04-01,26.215
1926-05-01,28.792
1926-06-01,29.51
1926-07-01,27.711
1926-08-01,26.848
1926-09-01,26.99
1926-10-01,27.97
1926-11-01,26.903
1926-12-01,25.215
1927-01-01,23.904
1927-02-01,23.887
1927-03-01,25.57
1927-04-01,27.278
1927-05-01,28.765
1927-06-01,27.998
1927-07-01,26.755
1927-08-01,26.552
1927-09-01,27.319
1927-10-01,27.898
1927-11-01,26.011
1927-12-01,25.485
1928-01-01,24.742
1928-02-01,23.791
1928-03-01,25.934
1928-04-01,27.707
1928-05-01,29.129
1928-06-01,28.262
1928-07-01,26.904
1928-08-01,26.619
1928-09-01,26.383
1928-10-01,27.801
1928-11-01,27.673
1928-12-01,25.51
1929-01-01,24.115
1929-02-01,24.012
1929-03-01,26.894
1929-04-01,27.708
1929-05-01,29.729
1929-06-01,27.715
1929-07-01,26.975
1929-08-01,26.678
1929-09-01,27.238
1929-10-01,27.812
1929-11-01,28.247
1929-12-01,25.491
1930-01-01,24.199
1930-02-01,23.346
1930-03-01,25.679
1930-04-01,27.24
1930-05-01,29.224
1930-06-01,28.095
1930-07-01,26.702
1930-08-01,26.421
1930-09-01,26.958
1930-10-01,28.542
1930-11-01,26.792
1930-12-01,26.094
1931-01-01,25.255
1931-02-01,24.407
1931-03-01,25.12
1931-04-01,28.304
1931-05-01,29.595
1931-06-01,29.425
1931-07-01,27.05
1931-08-01,26.991
1931-09-01,27.033
1931-10-01,27.039
1931-11-01,27.492
1931-12-01,25.563
1932-01-01,24.862
1932-02-01,23.671
1932-03-01,25.747
1932-04-01,27.19
1932-05-01,29.061
1932-06-01,28.44
1932-07-01,26.928
1932-08-01,27.243
1932-09-01,27.309
1932-10-01,28.588
1932-11-01,27.445
1932-12-01,25.48
1933-01-01,24.358
1933-02-01,23.996
1933-03-01,25.687
1933-04-01,27.445
1933-05-01,28.258
1933-06-01,27.938
1933-07-01,27.566
1933-08-01,26.575
1933-09-01,26.864
1933-10-01,27.724
1933-11-01,27.391
1933-12-01,25.142
1934-01-01,23.253
1934-02-01,24.144
1934-03-01,25.068
1934-04-01,27.758
1934-05-01,28.94
1934-06-01,28.001
1934-07-01,26.924
1934-08-01,26.339
1934-09-01,26.783
1934-10-01,28.071
1934-11-01,25.923
1934-12-01,25.35
1935-01-01,23.266
1935-02-01,23.66
1935-03-01,25.445
1935-04-01,26.334
1935-05-01,28.934
1935-06-01,28.612
1935-07-01,26.953
1935-08-01,26.663
1935-09-01,26.393
1935-10-01,28.223
1935-11-01,26.987
1935-12-01,25.67
1936-01-01,23.618
1936-02-01,23.722
1936-03-01,25.648
1936-04-01,27.116
1936-05-01,29.318
1936-06-01,27.444
1936-07-01,27.238
1936-08-01,26.981
1936-09-01,27.439
1936-10-01,28.164
1936-11-01,27.857
1936-12-01,25.286
1937-01-01,23.513
1937-02-01,24.049
1937-03-01,24.954
1937-04-01,26.744
1937-05-01,28.973
1937-06-01,28.38
1937-07-01,26.547
1937-08-01,26.961
1937-09-01,27.038
1937-10-01,27.632
1937-11-01,27.743
1937-12-01,24.595
1938-01-01,24.317
1938-02-01,23.328
1938-03-01,26.182
1938-04-01,27.966
1938-05-01,29.095
1938-06-01,27.025
1938-07-01,26.704
1938-08-01,26.925
1938-09-01,26.749
1938-10-01,26.644
1938-11-01,25.937
1938-12-01,25.497
1939-01-01,24.81
1939-02-01,24.434
1939-03-01,24.951
1939-04-01,26.818
1939-05-01,28.612
1939-06-01,28.583
1939-07-01,26.931
1939-08-01,26.848
1939-09-01,26.998
1939-10-01,28.177
1939-11-01,27.114
1939-12-01,25.315
1940-01-01,24.3
1940-02-01,24.531
1940-03-01,24.12
1940-04-01,26.795
1940-05-01,29.281
1940-06-01,28.447
1940-07-01,27.165
1940-08-01,26.627
1940-09-01,27.362
1940-10-01,28.182
1940-11-01,28.271
1940-12-01,25.274
1941-01-01,24.046
1941-02-01,25.013
1941-03-01,26.353
1941-04-01,28.335
1941-05-01,29.515
1941-06-01,29.374
1941-07-01,27.65
1941-08-01,27.817
1941-09-01,27.907
1941-10-01,29.198
1941-11-01,28.28
1941-12-01,26.486
1942-01-01,24.257
1942-02-01,24.869
1942-03-01,26.461
1942-04-01,28.419
1942-05-01,29.582
1942-06-01,28.685
1942-07-01,26.911
1942-08-01,26.699
1942-09-01,26.986
1942-10-01,28.28
1942-11-01,26.74
1942-12-01,25.225
1943-01-01,24.136
1943-02-01,24.31
1943-03-01,26.2
1943-04-01,27.325
1943-05-01,28.933
1943-06-01,27.772
1943-07-01,26.7
1943-08-01,26.732
1943-09-01,26.62
1943-10-01,27.668
1943-11-01,27.926
1943-12-01,25.506
1944-01-01,24.216
1944-02-01,23.238
1944-03-01,24.818
1944-04-01,26.839
1944-05-01,29.687
1944-06-01,29.234
1944-07-01,27.047
1944-08-01,26.94
1944-09-01,27.548
1944-10-01,28.122
1944-11-01,27.63
1944-12-01,26.205
1945-01-01,23.202
1945-02-01,23.891
1945-03-01,26.116
1945-04-01,26.889
1945-05-01,28.856
1945-06-01,28.547
1945-07-01,26.975
1945-08-01,27.093
1945-09-01,27.072
1945-10-01,27.762
1945-11-01,26.763
1945-12-01,24.075
1946-01-01,23.917
1946-02-01,24.945
1946-03-01,25.926
1946-04-01,27.858
1946-05-01,29.045
1946-06-01,27.824
1946-07-01,27.14
1946-08-01,26.403
1946-09-01,26.717
1946-10-01,28.593
1946-11-01,27.433
1946-12-01,26.367
1947-01-01,24.481
1947-02-01,24.508
1947-03-01,25.801
1947-04-01,27.122
1947-05-01,29.141
1947-06-01,29.465
1947-07-01,27.484
1947-08-01,27.419
1947-09-01,26.834
1947-10-01,26.653
1947-11-01,27.055
1947-12-01,25.486
1948-01-01,24.516
1948-02-01,24.232
1948-03-01,26.28
1948-04-01,28.167
1948-05-01,29.718
1948-06-01,28.879
1948-07-01,27.544
1948-08-01,27.052
1948-09-01,26.886
1948-10-01,28.057
1948-11-01,27.968
1948-12-01,25.1
1949-01-01,24.921
1949-02-01,24.147
1949-03-01,26.439
1949-04-01,27.883
1949-05-01,29.035
1949-06-01,28.151
1949-07-01,27.569
1949-08-01,27.256
1949-09-01,26.712
1949-10-01,27.917
1949-11-01,26.746
1949-12-01,24.887
1950-01-01,24.028
1950-02-01,22.553
1950-03-01,25.088
1950-04-01,27.288
1950-05-01,29.165
1950-06-01,28.983
1950-07-01,26.905
1950-08-01,27.244
1950-09-01,27.033
1950-10-01,27.344
1950-11-01,26.344
1950-12-01,24.464
1951-01-01,23.778
1951-02-01,23.911
1951-03-01,25.965
1951-04-01,26.818
1951-05-01,28.871
1951-06-01,28.413
1951-07-01,27.348
1951-08-01,27.085
1951-09-01,28.196
1951-10-01,28.713
1951-11-01,28.447
1951-12-01,25.411
1952-01-01,24.666
1952-02-01,24.79
1952-03-01,25.253
1952-04-01,27.844
1952-05-01,29.673
1952-06-01,28.375
1952-07-01,27.386
1952-08-01,26.946
1952-09-01,27.207
1952-10-01,28.067
1952-11-01,25.918
1952-12-01,26.263
1953-01-01,24.089
1953-02-01,25.202
1953-03-01,27.281
1953-04-01,27.725
1953-05-01,29.045
1953-06-01,28.558
1953-07-01,27.09
1953-08-01,26.775
1953-09-01,27.158
1953-10-01,28.312
1953-11-01,27.217
1953-12-01,25.637
1954-01-01,24.107
1954-02-01,25.186
1954-03-01,26.686
1954-04-01,27.715
1954-05-01,29.327
1954-06-01,28.285
1954-07-01,26.686
1954-08-01,26.88
1954-09-01,26.339
1954-10-01,27.187
1954-11-01,26.707
1954-12-01,25.482
1955-01-01,25.011
1955-02-01,24.645
1955-03-01,26.288
1955-04-01,27.127
1955-05-01,29.06
1955-06-01,28.137
1955-07-01,27.38
1955-08-01,26.335
1955-09-01,27.298
1955-10-01,27.753
1955-11-01,26.107
1955-12-01,25.273
1956-01-01,24.227
1956-02-01,23.936
1956-03-01,26.583
1956-04-01,28.102
1956-05-01,28.354
1956-06-01,27.79
1956-07-01,26.201
1956-08-01,26.337
1956-09-01,26.597
1956-10-01,27.538
1956-11-01,27.353
1956-12-01,25.293
1957-01-01,24.493
1957-02-01,23.214
1957-03-01,24.292
1957-04-01,27.258
1957-05-01,28.83
1957-06-01,29.128
1957-07-01,27.25
1957-08-01,26.73
1957-09-01,27.238
1957-10-01,28.545
1957-11-01,28.25
1957-12-01,26.56
1958-01-01,25.326
1958-02-01,24.172
1958-03-01,26.236
1958-04-01,27.869
1958-05-01,29.515
1958-06-01,29.087
1958-07-01,27.326
1958-08-01,26.822
1958-09-01,27.081
1958-10-01,28.025
1958-11-01,28.293
1958-12-01,26.492
1959-01-01,24.7
1959-02-01,24.263
1959-03-01,26.289
1959-04-01,28.244
1959-05-01,30.122
1959-06-01,28.612
1959-07-01,26.72
1959-08-01,26.718
1959-09-01,26.971
1959-10-01,27.366
1959-11-01,27.747
1959-12-01,26.72
1960-01-01,24.553
1960-02-01,25.735
1960-03-01,25.61
1960-04-01,27.658
1960-05-01,29.463
1960-06-01,28.118
1960-07-01,27.518
1960-08-01,26.658
1960-09-01,27.152
1960-10-01,27.721
1960-11-01,27.688
1960-12-01,26.447
1961-01-01,25.002
1961-02-01,23.2
1961-03-01,26.115
1961-04-01,27.371
1961-05-01,28.574
1961-06-01,27.977
1961-07-01,26.419
1961-08-01,27.032
1961-09-01,26.918
1961-10-01,27.188
1961-11-01,27.716
1961-12-01,25.702
1962-01-01,23.101
1962-02-01,24.836
1962-03-01,25.421
1962-04-01,27.107
1962-05-01,28.964
1962-06-01,28.599
1962-07-01,27.013
1962-08-01,26.848
1962-09-01,26.978
1962-10-01,28.196
1962-11-01,27.679
1962-12-01,25.841
1963-01-01,25.188
1963-02-01,25.11
1963-03-01,26.171
1963-04-01,26.957
1963-05-01,28.943
1963-06-01,28.127
1963-07-01,27.14
1963-08-01,26.397
1963-09-01,26.901
1963-10-01,28.146
1963-11-01,28.123
1963-12-01,26.467
1964-01-01,23.061
1964-02-01,23.717
1964-03-01,26.062
1964-04-01,27.87
1964-05-01,29.1
1964-06-01,28.16
1964-07-01,27.01
1964-08-01,26.462
1964-09-01,26.603
1964-10-01,27.405
1964-11-01,27.125
1964-12-01,25.121
1965-01-01,25.183
1965-02-01,24.172
1965-03-01,25.18
1965-04-01,27.21
1965-05-01,28.498
1965-06-01,28.241
1965-07-01,26.757
1965-08-01,27.098
1965-09-01,27.501
1965-10-01,28.535
1965-11-01,28.275
1965-12-01,26.497
1966-01-01,24.97
1966-02-01,25.564
1966-03-01,25.811
1966-04-01,26.885
1966-05-01,28.691
1966-06-01,28.611
1966-07-01,27.602
1966-08-01,27.28
1966-09-01,27.624
1966-10-01,29.19
1966-11-01,28.397
1966-12-01,25.998
1967-01-01,23.964
1967-02-01,25.061
1967-03-01,26.144
1967-04-01,27.796
1967-05-01,29.339
1967-06-01,28.265
1967-07-01,27.009
1967-08-01,26.882
1967-09-01,27.207
1967-10-01,28.124
1967-11-01,27.517
1967-12-01,26.449
1968-01-01,23.587
1968-02-01,23.074
1968-03-01,26.04
1968-04-01,26.677
1968-05-01,28.153
1968-06-01,28.857
1968-07-01,27.593
1968-08-01,27.024
1968-09-01,27.631
1968-10-01,27.98
1968-11-01,27.734
1968-12-01,25.976
1969-01-01,24.229
1969-02-01,24.52
1969-03-01,26.391
1969-04-01,28.188
1969-05-01,29.627
1969-06-01,28.674
1969-07-01,27.441
1969-08-01,27.073
1969-09-01,26.751
1969-10-01,28.387
1969-11-01,28.834
1969-12-01,27.161
1970-01-01,24.599
1970-02-01,24.568
1970-03-01,25.658
1970-04-01,27.835
1970-05-01,29.348
1970-06-01,27.87
1970-07-01,27.384
1970-08-01,26.703
1970-09-01,26.99
1970-10-01,28.207
1970-11-01,26.876
1970-12-01,24.603
1971-01-01,23.843
1971-02-01,24.143
1971-03-01,26.287
1971-04-01,28.297
1971-05-01,29.159
1971-06-01,27.436
1971-07-01,27.219
1971-08-01,26.773
1971-09-01,27.388
1971-10-01,27.031
1971-11-01,26.43
1971-12-01,25.175
1972-01-01,24.385
1972-02-01,23.262
1972-03-01,26.211
1972-04-01,27.303
1972-05-01,29.177
1972-06-01,29.541
1972-07-01,27.666
1972-08-01,27.516
1972-09-01,28.063
1972-10-01,29.387
1972-11-01,27.558
1972-12-01,26.72
1973-01-01,23.788
1973-02-01,25.291
1973-03-01,26.392
1973-04-01,28.671
1973-05-01,29.733
1973-06-01,28.708
1973-07-01,27.056
1973-08-01,26.744
1973-09-01,26.589
1973-10-01,28.112
1973-11-01,27.164
1973-12-01,26.072
1974-01-01,24.505
1974-02-01,24.386
1974-03-01,26.856
1974-04-01,28.399
1974-05-01,28.81
1974-06-01,28.682
1974-07-01,27.413
1974-08-01,27.076
1974-09-01,27.852
1974-10-01,27.801
1974-11-01,26.218
1974-12-01,25.114
1975-01-01,23.896
1975-02-01,24.225
1975-03-01,25.356
1975-04-01,27.854
1975-05-01,29.07
1975-06-01,27.894
1975-07-01,27.099
1975-08-01,26.546
1975-09-01,26.9
1975-10-01,27.676
1975-11-01,26.516
1975-12-01,24.969
1976-01-01,23.897
1976-02-01,24.518
1976-03-01,26.399
1976-04-01,26.639
1976-05-01,28.388
1976-06-01,27.786
1976-07-01,27.275
1976-08-01,26.881
1976-09-01,27.051
1976-10-01,29.229
1976-11-01,29.267
1976-12-01,26.901
1977-01-01,24.585
1977-02-01,24.792
1977-03-01,27.517
1977-04-01,27.786
1977-05-01,29.128
1977-06-01,28.434
1977-07-01,27.044
1977-08-01,27.151
1977-09-01,27.143
1977-10-01,29.005
1977-11-01,29.331
1977-12-01,26.419
1978-01-01,24.417
1978-02-01,24.186
1978-03-01,24.689
1978-04-01,27.373
1978-05-01,29.452
1978-06-01,27.468
1978-07-01,27.144
1978-08-01,26.755
1978-09-01,27.03
1978-10-01,28.437
1978-11-01,28.724
1978-12-01,26.959
1979-01-01,25.217
1979-02-01,23.565
1979-03-01,25.309
1979-04-01,27.45
1979-05-01,28.817
1979-06-01,28.986
1979-07-01,27.815
1979-08-01,26.644
1979-09-01,27.581
1979-10-01,28.636
1979-11-01,28.678
1979-12-01,26.715
1980-01-01,24.733
1980-02-01,25.053
1980-03-01,26.108
1980-04-01,28.57
1980-05-01,29.768
1980-06-01,27.68
1980-07-01,27.395
1980-08-01,26.725
1980-09-01,27.461
1980-10-01,28.601
1980-11-01,28.51
1980-12-01,25.562
1981-01-01,24.377
1981-02-01,24.678
1981-03-01,26.261
1981-04-01,27.634
1981-05-01,29.565
1981-06-01,29.252
1981-07-01,27.208
1981-08-01,26.829
1981-09-01,27.466
1981-10-01,28.704
1981-11-01,26.8
1981-12-01,26.094
1982-01-01,24.818
1982-02-01,24.502
1982-03-01,25.289
1982-04-01,26.984
1982-05-01,29.16
1982-06-01,28.991
1982-07-01,27.681
1982-08-01,27.14
1982-09-01,27.327
1982-10-01,29.267
1982-11-01,28.054
1982-12-01,26.637
1983-01-01,24.22
1983-02-01,23.095
1983-03-01,24.789
1983-04-01,26.285
1983-05-01,29.241
1983-06-01,29.183
1983-07-01,27.734
1983-08-01,27.048
1983-09-01,27.128
1983-10-01,27.622
1983-11-01,26.457
1983-12-01,25.752
1984-01-01,23.637
1984-02-01,24.445
1984-03-01,27.251
1984-04-01,28.561
1984-05-01,29.748
1984-06-01,28.353
1984-07-01,26.841
1984-08-01,26.514
1984-09-01,26.888
1984-10-01,27.919
1984-11-01,27.275
1984-12-01,26.219
1985-01-01,24.501
1985-02-01,24.402
1985-03-01,26.959
1985-04-01,27.46
1985-05-01,29.289
1985-06-01,27.992
1985-07-01,27.158
1985-08-01,26.783
1985-09-01,27.584
1985-10-01,27.399
1985-11-01,27.252
1985-12-01,26.386
1986-01-01,25.021
1986-02-01,24.364
1986-03-01,26.31
1986-04-01,27.854
1986-05-01,29.522
1986-06-01,28.492
1986-07-01,27.608
1986-08-01,26.631
1986-09-01,27.617
1986-10-01,28.57
1986-11-01,28.283
1986-12-01,25.631
1987-01-01,25.444
1987-02-01,25.142
1987-03-01,26.468
1987-04-01,28.08
1987-05-01,29.488
1987-06-01,28.87
1987-07-01,28.141
1987-08-01,27.587
1987-09-01,28.656
1987-10-01,28.969
1987-11-01,28.928
1987-12-01,27.056
1988-01-01,25.834
1988-02-01,25.35
1988-03-01,25.666
1988-04-01,28.242
1988-05-01,29.918
1988-06-01,29.004
1988-07-01,27.272
1988-08-01,27.529
1988-09-01,27.664
1988-10-01,27.928
1988-11-01,27.417
1988-12-01,26.264
1989-01-01,24.358
1989-02-01,24.283
1989-03-01,25.544
1989-04-01,27.266
1989-05-01,29.375
1989-06-01,27.902
1989-07-01,27.362
1989-08-01,26.665
1989-09-01,27.37
1989-10-01,28.173
1989-11-01,28.428
1989-12-01,26.231
1990-01-01,25.761
1990-02-01,24.781
1990-03-01,25.021
1990-04-01,27.014
1990-05-01,29.101
1990-06-01,28.11
1990-07-01,27.355
1990-08-01,26.477
1990-09-01,27.054
1990-10-01,28.027
1990-11-01,28.215
1990-12-01,26.787
1991-01-01,23.931
1991-02-01,24.039
1991-03-01,25.637
1991-04-01,27.849
1991-05-01,29.81
1991-06-01,28.771
1991-07-01,26.909
1991-08-01,26.835
1991-09-01,27.653
1991-10-01,28.332
1991-11-01,28.272
1991-12-01,25.496
1992-01-01,24.587
1992-02-01,23.655
1992-03-01,25.795
1992-04-01,26.797
1992-05-01,29.273
1992-06-01,29.334
1992-07-01,28.111
1992-08-01,27.022
1992-09-01,27.509
1992-10-01,28.066
1992-11-01,28.31
1992-12-01,26.434
1993-01-01,24.933
1993-02-01,24.954
1993-03-01,25.694
1993-04-01,27.161
1993-05-01,29.529
1993-06-01,28.959
1993-07-01,27.556
1993-08-01,27.374
1993-09-01,26.913
1993-10-01,28.332
1993-11-01,28.359
1993-12-01,26.247
1994-01-01,25.26
1994-02-01,24.071
1994-03-01,26.883
1994-04-01,27.366
1994-05-01,29.439
1994-06-01,28.081
1994-07-01,26.852
1994-08-01,26.993
1994-09-01,26.739
1994-10-01,28.569
1994-11-01,28.292
1994-12-01,25.26
1995-01-01,23.575
1995-02-01,24.824
1995-03-01,25.669
1995-04-01,27.595
1995-05-01,29.566
1995-06-01,29.929
1995-07-01,27.779
1995-08-01,27.976
1995-09-01,27.692
1995-10-01,28.623
1995-11-01,27.494
1995-12-01,26.384
1996-01-01,24.869
1996-02-01,25.38
1996-03-01,27.192
1996-04-01,27.764
1996-05-01,29.443
1996-06-01,29.081
1996-07-01,27.485
1996-08-01,26.927
1996-09-01,27.365
1996-10-01,27.769
1996-11-01,27.261
1996-12-01,26.477
1997-01-01,24.12
1997-02-01,23.586
1997-03-01,26.664
1997-04-01,26.892
1997-05-01,29.12
1997-06-01,28.466
1997-07-01,28.106
1997-08-01,27.41
1997-09-01,27.825
1997-10-01,28.814
1997-11-01,29.153
1997-12-01,26.065
1998-01-01,25.202
1998-02-01,24.647
1998-03-01,25.877
1998-04-01,28.454
1998-05-01,30.659
1998-06-01,29.408
1998-07-01,28.08
1998-08-01,27.918
1998-09-01,27.697
1998-10-01,28.231
1998-11-01,28.125
1998-12-01,26.266
1999-01-01,24.259
1999-02-01,25.874
1999-03-01,26.611
1999-04-01,27.852
1999-05-01,28.708
1999-06-01,27.982
1999-07-01,27.599
1999-08-01,27.424
1999-09-01,27.473
1999-10-01,28.354
1999-11-01,27.978
1999-12-01,26.32
2000-01-01,25.599
2000-02-01,24.076
2000-03-01,25.489
2000-04-01,28.188
2000-05-01,28.86
2000-06-01,28.342
2000-07-01,27.188
2000-08-01,27.461
2000-09-01,27.997
2000-10-01,28.82
2000-11-01,28.265
2000-12-01,26.159
2001-01-01,24.912
2001-02-01,24.375
2001-03-01,25.555
2001-04-01,27.918
2001-05-01,29.255
2001-06-01,28.288
2001-07-01,27.211
2001-08-01,27.265
2001-09-01,28.02
2001-10-01,28.558
2001-11-01,28.595
2001-12-01,26.972
2002-01-01,24.605
2002-02-01,25.46
2002-03-01,26.802
2002-04-01,28.526
2002-05-01,30.102
2002-06-01,28.512
2002-07-01,28.483
2002-08-01,26.876
2002-09-01,27.784
2002-10-01,29.325
2002-11-01,28.426
2002-12-01,26.643
2003-01-01,25.877
2003-02-01,25.688
2003-03-01,26.58
2003-04-01,28.113
2003-05-01,29.657
2003-06-01,28.692
2003-07-01,27.688
2003-08-01,27.551
2003-09-01,27.523
2003-10-01,28.915
2003-11-01,28.787
2003-12-01,25.87
2004-01-01,24.406
2004-02-01,24.867
2004-03-01,27.441
2004-04-01,27.998
2004-05-01,29.498
2004-06-01,28.333
2004-07-01,27.505
2004-08-01,26.875
2004-09-01,27.612
2004-10-01,27.983
2004-11-01,28.712
2004-12-01,26.595
2005-01-01,24.447
2005-02-01,24.707
2005-03-01,25.961
2005-04-01,28.128
2005-05-01,29.409
2005-06-01,29.042
2005-07-01,27.677
2005-08-01,26.98
2005-09-01,27.015
2005-10-01,28.06
2005-11-01,27.337
2005-12-01,25.666
2006-01-01,25.09
2006-02-01,26.188
2006-03-01,26.133
2006-04-01,27.467
2006-05-01,29.352
2006-06-01,28.426
2006-07-01,27.28
2006-08-01,26.671
2006-09-01,27.629
2006-10-01,28.945
2006-11-01,28.643
2006-12-01,26.754
2007-01-01,25.55
2007-02-01,25.333
2007-03-01,26.871
2007-04-01,28.492
2007-05-01,29.853
2007-06-01,28.843
2007-07-01,27.93
2007-08-01,27.372
2007-09-01,27.63
2007-10-01,28.747
2007-11-01,28.183
2007-12-01,26.812
2008-01-01,24.271
2008-02-01,23.495
2008-03-01,26.442
2008-04-01,27.982
2008-05-01,29.54
2008-06-01,28.223
2008-07-01,27.554
2008-08-01,26.831
2008-09-01,27.193
2008-10-01,28.655
2008-11-01,28.512
2008-12-01,27.435
2009-01-01,25.783
2009-02-01,25.766
2009-03-01,27.193
2009-04-01,28.936
2009-05-01,29.735
2009-06-01,29.548
2009-07-01,27.385
2009-08-01,27.852
2009-09-01,28.173
2009-10-01,28.396
2009-11-01,28.324
2009-12-01,27.043
2010-01-01,26.12
2010-02-01,25.615
2010-03-01,27.362
2010-04-01,29.178
2010-05-01,30.682
2010-06-01,28.881
2010-07-01,27.364
2010-08-01,27.279
2010-09-01,27.587
2010-10-01,28.774
2010-11-01,28.883
2010-12-01,25.46
2011-01-01,24.543
2011-02-01,25.031
2011-03-01,26.99
2011-04-01,27.716
2011-05-01,29.546
2011-06-01,28.394
2011-07-01,27.133
2011-08-01,27.122
2011-09-01,27.39
2011-10-01,28.864
2011-11-01,29.04
2011-12-01,26.85
2012-01-01,23.844
2012-02-01,24.693
2012-03-01,25.574
2012-04-01,28.223
2012-05-01,29.235
2012-06-01,28.847
2012-07-01,27.941
2012-08-01,27.405
2012-09-01,27.491
2012-10-01,28.689
2012-11-01,27.54
2012-12-01,26.828
2013-01-01,24.187
2013-02-01,25.005
2013-03-01,26.301
2013-04-01,27.335
2013-05-01,29.718
2013-06-01,27.686
2013-07-01,26.519
2013-08-01,26.953
2013-09-01,26.86177033492823
